id,name,username,password,max_hours
1,Dr. Sample Faculty (Programme Coordinator),sample,sample123,28
2,Prof. R. Menon,faculty02,Pass02!eng,26
3,Prof. K. Kulkarni,faculty03,Pass03!eng,26
4,Prof. M. Deshpande,faculty04,Pass04!eng,26
5,Prof. P. Iyer,faculty05,Pass05!eng,26
6,Prof. V. Nair,faculty06,Pass06!eng,26
7,Prof. N. Joshi,faculty07,Pass07!eng,26
8,Prof. A. Patil,faculty08,Pass08!eng,26
9,Prof. S. Rao,faculty09,Pass09!eng,26
10,Prof. R. Shah,faculty10,Pass10!eng,26
11,Prof. K. Mehta,faculty11,Pass11!eng,26
12,Prof. M. Choudhury,faculty12,Pass12!eng,26
13,Prof. P. Banerjee,faculty13,Pass13!eng,26
14,Prof. V. Reddy,faculty14,Pass14!eng,26
15,Prof. N. Singh,faculty15,Pass15!eng,26
16,Prof. A. Kapoor,faculty16,Pass16!eng,26
17,Prof. S. Verma,faculty17,Pass17!eng,26
18,Prof. R. Saxena,faculty18,Pass18!eng,26
19,Prof. K. Pillai,faculty19,Pass19!eng,26
20,Prof. M. Bose,faculty20,Pass20!eng,26
21,Prof. P. Ghosh,faculty21,Pass21!eng,26
22,Prof. V. Krishnan,faculty22,Pass22!eng,26
23,Prof. N. Narayan,faculty23,Pass23!eng,26
24,Prof. A. Bhatia,faculty24,Pass24!eng,26
25,Prof. S. Malhotra,faculty25,Pass25!eng,26
26,Prof. R. Chatterjee,faculty26,Pass26!eng,26
27,Prof. K. Sen,faculty27,Pass27!eng,26
28,Prof. M. Das,faculty28,Pass28!eng,26
29,Prof. P. Agarwal,faculty29,Pass29!eng,26
30,Prof. V. Khanna,faculty30,Pass30!eng,26
31,Prof. N. Tiwari,faculty31,Pass31!eng,26
32,Prof. A. Mishra,faculty32,Pass32!eng,26
33,Prof. S. Pandey,faculty33,Pass33!eng,26
34,Prof. R. Yadav,faculty34,Pass34!eng,26
35,Prof. K. Kaur,faculty35,Pass35!eng,26
36,Prof. M. Gill,faculty36,Pass36!eng,26
37,Prof. P. Anand,faculty37,Pass37!eng,26
38,Prof. V. Varma,faculty38,Pass38!eng,26
39,Prof. N. Shetty,faculty39,Pass39!eng,26
40,Prof. A. Hegde,faculty40,Pass40!eng,26
41,Prof. S. Prasad,faculty41,Pass41!eng,26
42,Prof. R. Menon,faculty42,Pass42!eng,26
43,Prof. K. Kulkarni,faculty43,Pass43!eng,26
44,Prof. M. Deshpande,faculty44,Pass44!eng,26
45,Prof. P. Iyer,faculty45,Pass45!eng,26
46,Prof. V. Nair,faculty46,Pass46!eng,26
47,Prof. N. Joshi,faculty47,Pass47!eng,26
48,Prof. A. Patil,faculty48,Pass48!eng,26

